{
    "Ap":0.21388644421061628,
	"An":-0.813018367268805,
	"a0p":37086.67218413958,
	"a0n":43430.02023698205,
	"a1p":-20193.23957579438,
	"a1n":34332.85303661032,
	"tp":1.6590989889370842,
	"tn":1.5148294827972748,
	"min_resistance": 2231,
	"max_resistance": 9000,
	"dt": 1e-6,
	"positive_pulses": [ 0.9, 1.1, 1.2, 1.2, 1.2, 1.2 ],
	"positive_pulse_times": [ 1e-6, 1e-6, 1e-6, 5e-6, 1e-5, 5e-5 ],
	"negative_pulses": [ -0.9, -1.1, -1.2, -1.2, -1.2, -1.2 ],
	"negative_pulse_times": [ 1e-6, 1e-6, 1e-6, 5e-6, 1e-5, 5e-5 ],
	"max_update_steps": 5,
	"r_tolerance": 0.01,
	"size": 1100
}